Id,Position,First Name,Nickname,Last Name,FPPG,Played,Salary,Game,Team,Opponent
21941-52922,RB,Leonard,Leonard Fournette,Fournette,18.32857186,7,9300,JAC@CLE,JAC,CLE
21941-70324,QB,Carson,Carson Wentz,Wentz,22.06444465,9,8700,PHI@DAL,PHI,DAL
21941-30447,RB,Todd,Todd Gurley II,Gurley II,21.05555556,9,8700,LAR@MIN,LAR,MIN
21941-45229,RB,Kareem,Kareem Hunt,Hunt,18.1222229,9,8600,KC@NYG,KC,NYG
21941-6498,QB,Tom,Tom Brady,Brady,20.78666687,9,8600,NE@OAK,NE,OAK
21941-38791,RB,Ezekiel,Ezekiel Elliott,Elliott,20.10000038,8,8600,PHI@DAL,DAL,PHI
21941-28573,WR,Michael,Michael Thomas,Thomas,11.96666633,9,8600,WAS@NO,NO,WAS
21941-31716,QB,Dak,Dak Prescott,Prescott,21.05111186,9,8500,PHI@DAL,DAL,PHI
21941-11460,TE,Rob,Rob Gronkowski,Gronkowski,13.41250038,8,8200,NE@OAK,NE,OAK
21941-22038,QB,Kirk,Kirk Cousins,Cousins,19.21777852,9,8200,WAS@NO,WAS,NO
21941-14211,RB,Mark,Mark Ingram,Ingram,15.32222154,9,8200,WAS@NO,NO,WAS
21941-6504,QB,Drew,Drew Brees,Brees,17.42444526,9,8100,WAS@NO,NO,WAS
21941-29780,TE,Zach,Zach Ertz,Ertz,13.53750038,8,8000,PHI@DAL,PHI,DAL
21941-6654,QB,Matthew,Matthew Stafford,Stafford,18.21555583,9,8000,DET@CHI,DET,CHI
21941-6779,RB,LeSean,LeSean McCoy,McCoy,13.47777812,9,8000,BUF@LAC,BUF,LAC
21941-45859,QB,Derek,Derek Carr,Carr,15.63249969,8,8000,NE@OAK,OAK,NE
21941-38435,QB,Jared,Jared Goff,Goff,18.24444411,9,7900,LAR@MIN,LAR,MIN
21941-8005,QB,Alex,Alex Smith,Smith,21.11777751,9,7900,KC@NYG,KC,NYG
21941-28900,RB,Melvin,Melvin Gordon,Gordon,16.20000034,9,7800,BUF@LAC,LAC,BUF
21941-32384,WR,Mike,Mike Evans,Evans,12.14999962,8,7800,TB@MIA,TB,MIA
21941-14187,WR,A.J.,A.J. Green,Green,13.25555589,9,7800,CIN@DEN,CIN,DEN
21941-16606,WR,DeAndre,DeAndre Hopkins,Hopkins,17.47777812,9,7700,ARI@HOU,HOU,ARI
21941-39716,WR,Adam,Adam Thielen,Thielen,12.9333335,9,7700,LAR@MIN,MIN,LAR
21941-29501,WR,Brandin,Brandin Cooks,Cooks,11.57777744,9,7700,NE@OAK,NE,OAK
21941-14377,QB,Tyrod,Tyrod Taylor,Taylor,15.33999973,9,7600,BUF@LAC,BUF,LAC
21941-11485,WR,Golden,Golden Tate,Tate,12.31111145,9,7600,DET@CHI,DET,CHI
21941-53681,WR,Tyreek,Tyreek Hill,Hill,12.64444478,9,7600,KC@NYG,KC,NYG
21941-42104,RB,Alvin,Alvin Kamara,Kamara,14.88888889,9,7500,WAS@NO,NO,WAS
21941-9392,WR,Michael,Michael Crabtree,Crabtree,12.38749981,8,7500,NE@OAK,OAK,NE
21941-24849,QB,Jameis,Jameis Winston,Winston,13.98750019,8,7500,TB@MIA,TB,MIA
21941-33076,TE,Travis,Travis Kelce,Kelce,13.23333316,9,7500,KC@NYG,KC,NYG
21941-25079,WR,Stefon,Stefon Diggs,Diggs,13.59999956,7,7500,LAR@MIN,MIN,LAR
21941-34308,QB,Blake,Blake Bortles,Bortles,14.58888923,9,7500,JAC@CLE,JAC,CLE
21941-42142,RB,Jordan,Jordan Howard,Howard,12.04444461,9,7400,DET@CHI,CHI,DET
21941-11435,WR,Dez,Dez Bryant,Bryant,10.31111145,9,7400,PHI@DAL,DAL,PHI
21941-7968,QB,Philip,Philip Rivers,Rivers,15.72444492,9,7400,BUF@LAC,LAC,BUF
21941-41872,TE,Evan,Evan Engram,Engram,10.47777812,9,7400,KC@NYG,NYG,KC
21941-31001,WR,Amari,Amari Cooper,Cooper,9.288888719,9,7300,NE@OAK,OAK,NE
21941-22994,QB,Case,Case Keenum,Keenum,15.23250008,8,7300,LAR@MIN,MIN,LAR
21941-29253,WR,Keenan,Keenan Allen,Allen,9.799999661,9,7100,BUF@LAC,LAC,BUF
21941-14704,WR,Chris,Chris Hogan,Hogan,11.5,8,7000,NE@OAK,NE,OAK
21941-21980,WR,Alshon,Alshon Jeffery,Jeffery,11.22222222,9,7000,PHI@DAL,PHI,DAL
21941-6748,QB,Carson,Carson Palmer,Palmer,15.61714281,7,7000,ARI@HOU,ARI,HOU
21941-6883,WR,Larry,Larry Fitzgerald,Fitzgerald,12.63333299,9,6900,ARI@HOU,ARI,HOU
21941-46882,RB,Jay,Jay Ajayi,Ajayi,8.987500191,8,6900,PHI@DAL,PHI,DAL
21941-29685,WR,Robert,Robert Woods,Woods,11.65555573,9,6900,LAR@MIN,LAR,MIN
21941-24891,RB,Chris,Chris Thompson,Thompson,13.5666665,9,6800,WAS@NO,WAS,NO
21941-31394,WR,Jarvis,Jarvis Landry,Landry,11.78750038,8,6800,TB@MIA,MIA,TB
21941-14225,QB,Andy,Andy Dalton,Dalton,13.49555545,9,6800,CIN@DEN,CIN,DEN
21941-11432,WR,Demaryius,Demaryius Thomas,Thomas,10.10000017,9,6700,CIN@DEN,DEN,CIN
21941-22103,WR,Marvin,Marvin Jones Jr.,Jones Jr.,11.18888855,9,6700,DET@CHI,DET,CHI
21941-45889,WR,Davante,Davante Adams,Adams,11.82222239,9,6700,BAL@GB,GB,BAL
21941-34331,RB,Latavius,Latavius Murray,Murray,5.611111111,9,6600,LAR@MIN,MIN,LAR
21941-6703,RB,Adrian,Adrian Peterson,Peterson,7.137499809,8,6600,ARI@HOU,ARI,HOU
21941-6714,QB,Joe,Joe Flacco,Flacco,9.704444038,9,6600,BAL@GB,BAL,GB
21941-6898,QB,Jay,Jay Cutler,Cutler,12.74857112,7,6600,TB@MIA,MIA,TB
21941-33259,QB,Teddy,Teddy Bridgewater,Bridgewater,0,0,6500,LAR@MIN,MIN,LAR
21941-22037,RB,Lamar,Lamar Miller,Miller,12.61111111,9,6500,ARI@HOU,HOU,ARI
21941-6826,QB,Eli,Eli Manning,Manning,14.8688897,9,6500,KC@NYG,NYG,KC
21941-27477,WR,Sterling,Sterling Shepard,Shepard,10.54285758,7,6500,KC@NYG,NYG,KC
21941-29593,WR,Marqise,Marqise Lee,Lee,9.333333333,9,6500,JAC@CLE,JAC,CLE
21941-54608,RB,Jerick,Jerick McKinnon,McKinnon,10.07777744,9,6400,LAR@MIN,MIN,LAR
21941-7659,QB,Ryan,Ryan Fitzpatrick,Fitzpatrick,10.92500019,4,6400,TB@MIA,TB,MIA
21941-40442,RB,Aaron,Aaron Jones,Jones,10.09999975,6,6400,BAL@GB,GB,BAL
21941-6739,WR,DeSean,DeSean Jackson,Jackson,8.855555216,9,6400,TB@MIA,TB,MIA
21941-38628,QB,Mitchell,Mitchell Trubisky,Trubisky,10.27200012,5,6400,DET@CHI,CHI,DET
21941-6893,WR,Jordy,Jordy Nelson,Nelson,11.03750038,8,6400,BAL@GB,GB,BAL
21941-29915,QB,Brett,Brett Hundley,Hundley,10.50800018,5,6300,BAL@GB,GB,BAL
21941-11505,WR,Emmanuel,Emmanuel Sanders,Sanders,10.18571472,7,6300,CIN@DEN,DEN,CIN
21941-7744,QB,Drew,Drew Stanton,Stanton,10.76666641,3,6300,ARI@HOU,ARI,HOU
21941-57537,QB,DeShone,DeShone Kizer,Kizer,12.39249992,8,6200,JAC@CLE,CLE,JAC
21941-21994,QB,Brock,Brock Osweiler,Osweiler,7.560000102,3,6200,CIN@DEN,DEN,CIN
21941-33260,WR,DeVante,DeVante Parker,Parker,9.840000153,5,6200,TB@MIA,MIA,TB
21941-27229,RB,Ameer,Ameer Abdullah,Abdullah,8.833333333,9,6200,DET@CHI,DET,CHI
21941-24929,WR,Kelvin,Kelvin Benjamin,Benjamin,9.022221883,9,6100,BUF@LAC,BUF,LAC
21941-21970,RB,Doug,Doug Martin,Martin,8.733333588,6,6100,TB@MIA,TB,MIA
21941-33463,QB,Paxton,Paxton Lynch,Lynch,9.793333054,3,6100,CIN@DEN,DEN,CIN
21941-14344,QB,T.J.,T.J. Yates,Yates,0,0,6000,ARI@HOU,HOU,ARI
21941-29715,QB,Kevin,Kevin Hogan,Hogan,9.694999695,4,6000,JAC@CLE,CLE,JAC
21941-24607,QB,Chad,Chad Kelly,Kelly,0,0,6000,CIN@DEN,DEN,CIN
21941-62497,RB,David,David Johnson,Johnson,10,1,6000,ARI@HOU,ARI,HOU
21941-30761,QB,Nathan,Nathan Peterman,Peterman,7.159999847,1,6000,BUF@LAC,BUF,LAC
21941-42028,WR,Will,Will Fuller V,Fuller V,14,6,6000,ARI@HOU,HOU,ARI
21941-24641,WR,Sammy,Sammy Watkins,Watkins,7.966666328,9,6000,LAR@MIN,LAR,MIN
21941-30788,QB,Tyler,Tyler Bray,Bray,0,0,6000,KC@NYG,KC,NYG
21941-53331,QB,Taylor,Taylor Heinicke,Heinicke,0,0,6000,NE@OAK,NE,OAK
21941-57439,QB,Patrick,Patrick Mahomes II,Mahomes II,0,0,6000,KC@NYG,KC,NYG
21941-7283,WR,Jeremy,Jeremy Maclin,Maclin,8.928571429,7,6000,BAL@GB,BAL,GB
21941-27801,QB,Nate,Nate Sudfeld,Sudfeld,0,0,6000,PHI@DAL,PHI,DAL
21941-11500,QB,Colt,Colt McCoy,McCoy,0,0,6000,WAS@NO,WAS,NO
21941-31047,QB,AJ,AJ McCarron,McCarron,0,0,6000,CIN@DEN,CIN,DEN
21941-27982,QB,Jake,Jake Rudock,Rudock,0,0,6000,DET@CHI,DET,CHI
21941-11615,QB,Joe,Joe Webb,Webb,0.114285716,7,6000,BUF@LAC,BUF,LAC
21941-22894,QB,Kellen,Kellen Moore,Moore,0,0,6000,PHI@DAL,DAL,PHI
21941-25969,QB,Tom,Tom Savage,Savage,4.019999981,4,6000,ARI@HOU,HOU,ARI
21941-24949,QB,EJ,EJ Manuel,Manuel,7.550000191,2,6000,NE@OAK,OAK,NE
21941-31170,QB,Brandon,Brandon Allen,Allen,0,0,6000,LAR@MIN,LAR,MIN
21941-45565,QB,Taysom,Taysom Hill,Hill,0,0,6000,WAS@NO,NO,WAS
21941-28163,QB,Connor,Connor Cook,Cook,7,1,6000,NE@OAK,OAK,NE
21941-22027,QB,Nick,Nick Foles,Foles,-0.449999988,2,6000,PHI@DAL,PHI,DAL
21941-39454,QB,Zac,Zac Dysert,Dysert,0,0,6000,PHI@DAL,DAL,PHI
21941-6687,QB,Mark,Mark Sanchez,Sanchez,0.75999999,2,6000,DET@CHI,CHI,DET
21941-30253,QB,Jeff,Jeff Driskel,Driskel,0,0,6000,CIN@DEN,CIN,DEN
21941-29249,RB,C.J.,C.J. Anderson,Anderson,9.033333672,9,6000,CIN@DEN,DEN,CIN
21941-22113,RB,Alfred,Alfred Morris,Morris,2.614285605,7,6000,PHI@DAL,DAL,PHI
21941-8803,QB,Chase,Chase Daniel,Daniel,-0.200000003,1,6000,WAS@NO,NO,WAS
21941-6808,QB,Matt,Matt Moore,Moore,9.779999733,2,6000,TB@MIA,MIA,TB
21941-7844,QB,Chad,Chad Henne,Henne,-0.300000012,1,6000,JAC@CLE,JAC,CLE
21941-44715,QB,Cooper,Cooper Rush,Rush,1.379999995,1,6000,PHI@DAL,DAL,PHI
21941-7872,QB,Brian,Brian Hoyer,Hoyer,9.711429051,7,6000,NE@OAK,NE,OAK
21941-7919,QB,Kellen,Kellen Clemens,Clemens,-0.100000001,1,6000,BUF@LAC,LAC,BUF
21941-29445,QB,Sean,Sean Mannion,Mannion,-0.139999996,3,6000,LAR@MIN,LAR,MIN
21941-28434,QB,Trevor,Trevor Siemian,Siemian,14.80857195,7,6000,CIN@DEN,DEN,CIN
21941-70446,QB,Joe,Joe Callahan,Callahan,0,0,6000,BAL@GB,GB,BAL
21941-25410,QB,Mike,Mike Glennon,Glennon,9.680000305,4,6000,DET@CHI,CHI,DET
21941-28515,QB,Cardale,Cardale Jones,Jones,2.74000001,1,6000,BUF@LAC,LAC,BUF
21941-55140,QB,Brad,Brad Kaaya,Kaaya,0,0,6000,DET@CHI,DET,CHI
21941-33647,QB,Kyle,Kyle Sloter,Sloter,0,0,6000,LAR@MIN,MIN,LAR
21941-14194,QB,Blaine,Blaine Gabbert,Gabbert,13.19999949,6,6000,ARI@HOU,ARI,HOU
21941-26483,QB,Geno,Geno Smith,Smith,-0.100000001,1,6000,KC@NYG,NYG,KC
21941-39795,QB,Davis,Davis Webb,Webb,0,0,6000,KC@NYG,NYG,KC
21941-29587,QB,Cody,Cody Kessler,Kessler,1.970000029,2,6000,JAC@CLE,CLE,JAC
21941-33702,QB,Ryan,Ryan Griffin,Griffin,0,0,6000,TB@MIA,TB,MIA
21941-30640,QB,Connor,Connor Shaw,Shaw,0,0,6000,DET@CHI,CHI,DET
21941-14267,QB,Ryan,Ryan Mallett,Mallett,4.96999979,2,6000,BAL@GB,BAL,GB
21941-29683,WR,Nelson,Nelson Agholor,Agholor,9.700000339,9,6000,PHI@DAL,PHI,DAL
21941-9371,RB,Marshawn,Marshawn Lynch,Lynch,7.962500095,8,5900,NE@OAK,OAK,NE
21941-52442,RB,Joe,Joe Mixon,Mixon,8.81111145,9,5900,CIN@DEN,CIN,DEN
21941-33691,RB,Orleans,Orleans Darkwa,Darkwa,7.787499905,8,5900,KC@NYG,NYG,KC
21941-29734,RB,Ty,Ty Montgomery,Montgomery,10.01249981,8,5800,BAL@GB,GB,BAL
21941-29645,RB,Javorius,Javorius Allen,Allen,10.45555539,9,5800,BAL@GB,BAL,GB
21941-14339,RB,Dion,Dion Lewis,Lewis,7.488889058,9,5700,NE@OAK,NE,OAK
21941-54606,WR,John,John Brown,Brown,6.614285605,7,5700,ARI@HOU,ARI,HOU
21941-6607,WR,Mike,Mike Wallace,Wallace,6.137499809,8,5700,BAL@GB,BAL,GB
21941-27338,RB,Rex,Rex Burkhead,Burkhead,9,5,5700,NE@OAK,NE,OAK
21941-79970,WR,Cooper,Cooper Kupp,Kupp,8.411110772,9,5600,LAR@MIN,LAR,MIN
21941-25760,WR,Allen,Allen Hurns,Hurns,8.288888719,9,5600,JAC@CLE,JAC,CLE
21941-25837,RB,Duke,Duke Johnson Jr.,Johnson Jr.,10.86666701,9,5600,JAC@CLE,CLE,JAC
21941-12554,D,Jacksonville,Jacksonville Jaguars,Jaguars,13.88888889,9,5600,JAC@CLE,JAC,CLE
21941-30989,RB,Kenyan,Kenyan Drake,Drake,2.262500048,8,5600,TB@MIA,MIA,TB
21941-6627,WR,Ted,Ted Ginn Jr.,Ginn Jr.,9.333333333,9,5600,WAS@NO,NO,WAS
21941-45631,RB,Jamaal,Jamaal Williams,Williams,3.300000054,7,5600,BAL@GB,GB,BAL
21941-7761,TE,Jared,Jared Cook,Cook,8.155555725,9,5600,NE@OAK,OAK,NE
21941-30298,TE,Jordan,Jordan Reed,Reed,7.766666412,6,5600,WAS@NO,WAS,NO
21941-54684,RB,Isaiah,Isaiah Crowell,Crowell,9.088889228,9,5500,JAC@CLE,CLE,JAC
21941-54782,TE,Cameron,Cameron Brate,Brate,9.211111281,9,5500,TB@MIA,TB,MIA
21941-40843,RB,Alex,Alex Collins,Collins,6.612500191,8,5500,BAL@GB,BAL,GB
21941-30837,WR,Jordan,Jordan Matthews,Matthews,5.037499905,8,5400,BUF@LAC,BUF,LAC
21941-24755,WR,Jamison,Jamison Crowder,Crowder,6.237500191,8,5400,WAS@NO,WAS,NO
21941-48344,WR,Albert,Albert Wilson,Wilson,6.17142868,7,5400,KC@NYG,KC,NYG
21941-52451,RB,Samaje,Samaje Perine,Perine,5.583333333,6,5400,WAS@NO,WAS,NO
21941-6641,TE,Jason,Jason Witten,Witten,8.31111145,9,5400,PHI@DAL,DAL,PHI
21941-39580,RB,Devontae,Devontae Booker,Booker,6,6,5400,CIN@DEN,DEN,CIN
21941-25272,TE,Eric,Eric Ebron,Ebron,5.044444614,9,5400,DET@CHI,DET,CHI
21941-33465,RB,Theo,Theo Riddick,Riddick,7.377777947,9,5400,DET@CHI,DET,CHI
21941-40758,RB,Corey,Corey Clement,Clement,7.757142748,7,5400,PHI@DAL,PHI,DAL
21941-14237,TE,Kyle,Kyle Rudolph,Rudolph,7.477778117,9,5400,LAR@MIN,MIN,LAR
21941-14257,WR,Randall,Randall Cobb,Cobb,7.875,8,5400,BAL@GB,GB,BAL
21941-8117,WR,Danny,Danny Amendola,Amendola,7.612500191,8,5400,NE@OAK,NE,OAK
21941-33766,RB,Rob,Rob Kelley,Kelley,5.885714395,7,5400,WAS@NO,WAS,NO
21941-31732,WR,Corey,Corey Coleman,Coleman,7.599999905,2,5400,JAC@CLE,CLE,JAC
21941-14362,TE,Charles,Charles Clay,Clay,8.349999746,6,5300,BUF@LAC,BUF,LAC
21941-9421,RB,Danny,Danny Woodhead,Woodhead,5.199999809,1,5300,BAL@GB,BAL,GB
21941-11495,WR,Brandon,Brandon LaFell,LaFell,6.422222137,9,5300,CIN@DEN,CIN,DEN
21941-26038,TE,Tyler,Tyler Kroft,Kroft,7.512499809,8,5300,CIN@DEN,CIN,DEN
21941-22035,WR,Travis,Travis Benjamin,Benjamin,7.700000339,9,5300,BUF@LAC,LAC,BUF
21941-22109,K,Greg,Greg Zuerlein,Zuerlein,14.55555556,9,5300,LAR@MIN,LAR,MIN
21941-22288,WR,Cole,Cole Beasley,Beasley,6.088888804,9,5300,PHI@DAL,DAL,PHI
21941-54244,WR,Kenny,Kenny Golladay,Golladay,8.274999619,4,5300,DET@CHI,DET,CHI
21941-24589,WR,Jaron,Jaron Brown,Brown,6.244444529,9,5200,ARI@HOU,ARI,HOU
21941-79974,RB,Tarik,Tarik Cohen,Cohen,8.293333266,9,5200,DET@CHI,CHI,DET
21941-24682,RB,Andre,Andre Ellington,Ellington,7.1875,8,5200,ARI@HOU,ARI,HOU
21941-80001,RB,Austin,Austin Ekeler,Ekeler,6.866666582,9,5200,BUF@LAC,LAC,BUF
21941-26094,WR,Brandon,Brandon Coleman,Coleman,5.966666751,9,5200,WAS@NO,NO,WAS
21941-11779,RB,LeGarrette,LeGarrette Blount,Blount,8.322222392,9,5200,PHI@DAL,PHI,DAL
21941-55830,RB,D'Onta,D'Onta Foreman,Foreman,4.0625,8,5200,ARI@HOU,HOU,ARI
21941-6870,TE,Vernon,Vernon Davis,Davis,7.222222222,9,5200,WAS@NO,WAS,NO
21941-27441,RB,Damien,Damien Williams,Williams,3.899999891,7,5200,TB@MIA,MIA,TB
21941-32564,WR,Josh,Josh Doctson,Doctson,5.925000191,8,5200,WAS@NO,WAS,NO
21941-28545,RB,Rod,Rod Smith,Smith,3.775000095,4,5200,PHI@DAL,DAL,PHI
21941-40845,TE,Hunter,Hunter Henry,Henry,7.985714504,7,5200,BUF@LAC,LAC,BUF
21941-12536,D,Kansas City,Kansas City Chiefs,Chiefs,7.777777778,9,5100,KC@NYG,KC,NYG
21941-28930,RB,James,James White,White,9.477778117,9,5100,NE@OAK,NE,OAK
21941-41235,K,Jake,Jake Elliott,Elliott,11.75,8,5100,PHI@DAL,PHI,DAL
21941-6728,RB,Jamaal,Jamaal Charles,Charles,4.777777778,9,5100,CIN@DEN,DEN,CIN
21941-11864,RB,Chris,Chris Ivory,Ivory,7.244444105,9,5100,JAC@CLE,JAC,CLE
21941-41642,K,Harrison,Harrison Butker,Butker,13.5,6,5100,KC@NYG,KC,NYG
21941-7900,K,Stephen,Stephen Gostkowski,Gostkowski,10.77777778,9,5100,NE@OAK,NE,OAK
21941-27457,WR,Kenny,Kenny Stills,Stills,9.012499809,8,5100,TB@MIA,MIA,TB
21941-33703,WR,Ryan,Ryan Grant,Grant,5.933333503,9,5100,WAS@NO,WAS,NO
21941-62535,WR,Tyrell,Tyrell Williams,Williams,5.89999983,9,5000,BUF@LAC,LAC,BUF
21941-48380,K,Wil,Wil Lutz,Lutz,10.55555556,9,5000,WAS@NO,NO,WAS
21941-53532,WR,Roger,Roger Lewis,Lewis,4.449999809,8,5000,KC@NYG,NYG,KC
21941-44449,WR,Willie,Willie Snead,Snead,-0.200000003,2,5000,WAS@NO,NO,WAS
21941-30237,RB,Mike,Mike Gillislee,Gillislee,7.1875,8,5000,NE@OAK,NE,OAK
21941-6782,K,Matt,Matt Prater,Prater,10.55555556,9,5000,DET@CHI,DET,CHI
21941-32613,RB,DeAndre,DeAndre Washington,Washington,5.550000191,8,5000,NE@OAK,OAK,NE
21941-39818,RB,Wayne,Wayne Gallman,Gallman,5.849999746,6,5000,KC@NYG,NYG,KC
21941-14317,TE,Julius,Julius Thomas,Thomas,5.337500095,8,5000,TB@MIA,MIA,TB
21941-31836,WR,Terrance,Terrance Williams,Williams,5.788888719,9,4900,PHI@DAL,DAL,PHI
21941-79967,TE,Adam,Adam Shaheen,Shaheen,3.866666794,3,4900,DET@CHI,CHI,DET
21941-25813,WR,Phillip,Phillip Dorsett,Dorsett,2.760000038,5,4900,NE@OAK,NE,OAK
21941-24817,TE,Nick,Nick O'Leary,O'Leary,4.899999891,7,4900,BUF@LAC,BUF,LAC
21941-34073,TE,Ryan,Ryan Griffin,Griffin,5.049999873,6,4900,ARI@HOU,HOU,ARI
21941-14645,WR,Dontrelle,Dontrelle Inman,Inman,3.424999952,4,4900,DET@CHI,CHI,DET
21941-31061,RB,T.J.,T.J. Yeldon,Yeldon,10.96666718,3,4900,JAC@CLE,JAC,CLE
21941-38264,WR,Demarcus,Demarcus Robinson,Robinson,3.21666654,6,4900,KC@NYG,KC,NYG
21941-54687,RB,Charcandrick,Charcandrick West,West,5.67142868,7,4900,KC@NYG,KC,NYG
21941-23045,K,Justin,Justin Tucker,Tucker,8.888888889,9,4900,BAL@GB,BAL,GB
21941-6672,TE,Marcedes,Marcedes Lewis,Lewis,5.366666582,9,4900,JAC@CLE,JAC,CLE
21941-29314,TE,Richard,Richard Rodgers,Rodgers,1.899999976,4,4900,BAL@GB,GB,BAL
21941-7870,TE,Benjamin,Benjamin Watson,Watson,6.344444275,9,4900,BAL@GB,BAL,GB
21941-25290,RB,Giovani,Giovani Bernard,Bernard,5.711111281,9,4900,CIN@DEN,CIN,DEN
21941-41806,WR,Laquon,Laquon Treadwell,Treadwell,2.525000095,8,4900,LAR@MIN,MIN,LAR
21941-31871,RB,Charles,Charles Sims,Sims,3.974999905,8,4800,TB@MIA,TB,MIA
21941-62616,RB,Zach,Zach Zenner,Zenner,1.899999976,4,4800,DET@CHI,DET,CHI
21941-12531,D,Denver,Denver Broncos,Broncos,5.444444444,9,4800,CIN@DEN,DEN,CIN
21941-12532,D,Detroit,Detroit Lions,Lions,11.44444444,9,4800,DET@CHI,DET,CHI
21941-12538,D,Los Angeles,Los Angeles Rams,Rams,12.44444444,9,4800,LAR@MIN,LAR,MIN
21941-6448,TE,Martellus,Martellus Bennett,Bennett,5.074999809,8,4800,NE@OAK,NE,OAK
21941-54607,RB,Terrance,Terrance West,West,5.420000076,5,4800,BAL@GB,BAL,GB
21941-34154,WR,J.J.,J.J. Nelson,Nelson,6.477777693,9,4800,ARI@HOU,ARI,HOU
21941-6535,WR,Kenny,Kenny Britt,Britt,5.766666412,6,4800,JAC@CLE,CLE,JAC
21941-21957,WR,Kendall,Kendall Wright,Wright,7.142857143,7,4800,DET@CHI,CHI,DET
21941-6636,K,Mike,Mike Nugent,Nugent,7,3,4800,PHI@DAL,DAL,PHI
21941-22054,WR,Jarius,Jarius Wright,Wright,4.333333333,6,4800,LAR@MIN,MIN,LAR
21941-14952,K,Dan,Dan Bailey,Bailey,7,6,4800,PHI@DAL,DAL,PHI
21941-38509,RB,Wendell,Wendell Smallwood,Smallwood,5.100000109,7,4800,PHI@DAL,PHI,DAL
21941-26247,K,Brandon,Brandon McManus,McManus,8.625,8,4800,CIN@DEN,DEN,CIN
21941-15176,K,Kai,Kai Forbath,Forbath,10.88888889,9,4800,LAR@MIN,MIN,LAR
21941-14288,WR,Torrey,Torrey Smith,Smith,3.922222137,9,4800,PHI@DAL,PHI,DAL
21941-24671,WR,Adam,Adam Humphries,Humphries,5.255555471,9,4700,TB@MIA,TB,MIA
21941-22765,K,Giorgio,Giorgio Tavecchio,Tavecchio,7.333333333,9,4700,NE@OAK,OAK,NE
21941-12545,D,Philadelphia,Philadelphia Eagles,Eagles,9.555555556,9,4700,PHI@DAL,PHI,DAL
21941-12555,D,Baltimore,Baltimore Ravens,Ravens,12.11111111,9,4700,BAL@GB,BAL,GB
21941-39286,TE,O.J.,O.J. Howard,Howard,5.712500095,8,4700,TB@MIA,TB,MIA
21941-22959,WR,Deonte,Deonte Thompson,Thompson,6.255555471,9,4700,BUF@LAC,BUF,LAC
21941-21971,TE,Coby,Coby Fleener,Fleener,4.39999983,9,4700,WAS@NO,NO,WAS
21941-32257,K,Nick,Nick Rose,Rose,8.25,4,4700,WAS@NO,WAS,NO
21941-29201,WR,Maurice,Maurice Harris,Harris,12,1,4700,WAS@NO,WAS,NO
21941-39455,RB,Kerwynn,Kerwynn Williams,Williams,1.900000042,9,4700,ARI@HOU,ARI,HOU
21941-6724,K,Stephen,Stephen Hauschka,Hauschka,9.222222222,9,4700,BUF@LAC,BUF,LAC
21941-29351,WR,De'Anthony,De'Anthony Thomas,Thomas,3.75,8,4700,KC@NYG,KC,NYG
21941-39649,RB,Benny,Benny Cunningham,Cunningham,3.042857034,7,4700,DET@CHI,CHI,DET
21941-33552,WR,TJ,TJ Jones,Jones,5.150000095,8,4700,DET@CHI,DET,CHI
21941-33578,RB,Jalen,Jalen Richard,Richard,5.622222053,9,4700,NE@OAK,OAK,NE
21941-26458,WR,Tavon,Tavon Austin,Austin,2.766666624,9,4700,LAR@MIN,LAR,MIN
21941-15212,WR,Terrelle,Terrelle Pryor Sr.,Pryor Sr.,5,8,4700,WAS@NO,WAS,NO
21941-39829,WR,Mike,Mike Williams,Williams,1.649999976,4,4700,BUF@LAC,LAC,BUF
21941-14245,RB,Shane,Shane Vereen,Vereen,4.511110942,9,4700,KC@NYG,NYG,KC
21941-31874,RB,Kenneth,Kenneth Farrow,Farrow,3.070000076,10,4600,BUF@LAC,LAC,BUF
21941-9442,WR,Brandon,Brandon Tate,Tate,2.066666603,6,4600,BUF@LAC,BUF,LAC
21941-12540,D,Minnesota,Minnesota Vikings,Vikings,6.222222222,9,4600,LAR@MIN,MIN,LAR
21941-12546,D,Arizona,Arizona Cardinals,Cardinals,5.888888889,9,4600,ARI@HOU,ARI,HOU
21941-27908,TE,C.J.,C.J. Fiedorowicz,Fiedorowicz,4.300000191,2,4600,ARI@HOU,HOU,ARI
21941-12551,D,Tampa Bay,Tampa Bay Buccaneers,Buccaneers,6.666666667,9,4600,TB@MIA,TB,MIA
21941-12556,D,Houston,Houston Texans,Texans,7.777777778,9,4600,ARI@HOU,HOU,ARI
21941-55633,WR,Travis,Travis Rudolph,Rudolph,2.349999905,2,4600,KC@NYG,NYG,KC
21941-38301,TE,Darren,Darren Fells,Fells,4.537499905,8,4600,DET@CHI,DET,CHI
21941-34295,WR,Breshad,Breshad Perriman,Perriman,1.112499952,8,4600,BAL@GB,BAL,GB
21941-39445,WR,Brice,Brice Butler,Butler,5.162499905,8,4600,PHI@DAL,DAL,PHI
21941-47640,RB,Branden,Branden Oliver,Oliver,2.120000076,5,4600,BUF@LAC,LAC,BUF
21941-31263,WR,Ricardo,Ricardo Louis,Louis,4.800000085,9,4600,JAC@CLE,CLE,JAC
21941-6702,K,Phil,Phil Dawson,Dawson,6.444444444,9,4600,ARI@HOU,ARI,HOU
21941-7806,RB,Darren,Darren McFadden,McFadden,-0.200000003,1,4600,PHI@DAL,DAL,PHI
21941-7831,K,Sebastian,Sebastian Janikowski,Janikowski,9.333333333,15,4600,NE@OAK,OAK,NE
21941-23194,WR,Josh,Josh Gordon,Gordon,0,0,4600,JAC@CLE,CLE,JAC
21941-32429,K,Josh,Josh Lambo,Lambo,9.666666667,3,4600,JAC@CLE,JAC,CLE
21941-30403,WR,Chris,Chris Conley,Conley,4.6,5,4600,KC@NYG,KC,NYG
21941-45791,WR,Rashard,Rashard Higgins,Higgins,3.474999905,8,4600,JAC@CLE,CLE,JAC
21941-7965,TE,Antonio,Antonio Gates,Gates,3.188888974,9,4600,BUF@LAC,LAC,BUF
21941-7975,RB,Mike,Mike Tolbert,Tolbert,4,9,4600,BUF@LAC,BUF,LAC
21941-30709,WR,Bruce,Bruce Ellington,Ellington,5.724999905,8,4600,ARI@HOU,HOU,ARI
21941-14336,RB,Jacquizz,Jacquizz Rodgers,Rodgers,4.012499809,8,4500,TB@MIA,TB,MIA
21941-14348,TE,Lee,Lee Smith,Smith,2.166666667,3,4500,NE@OAK,OAK,NE
21941-30733,WR,Cordarrelle,Cordarrelle Patterson,Patterson,4.255555471,9,4500,NE@OAK,OAK,NE
21941-23569,TE,Rico,Rico Gathers,Gathers,0,0,4500,PHI@DAL,DAL,PHI
21941-40977,TE,Ricky,Ricky Seals-Jones,Seals-Jones,0,1,4500,ARI@HOU,ARI,HOU
21941-14355,TE,Niles,Niles Paul,Paul,0.949999988,4,4500,WAS@NO,WAS,NO
21941-14358,WR,Dwayne,Dwayne Harris,Harris,0,4,4500,KC@NYG,NYG,KC
21941-14369,RB,Jordan,Jordan Todman,Todman,0,1,4500,ARI@HOU,HOU,ARI
21941-56356,WR,Isaiah,Isaiah Ford,Ford,0,0,4500,TB@MIA,MIA,TB
21941-55335,TE,David,David Njoku,Njoku,5.266666836,9,4500,JAC@CLE,CLE,JAC
21941-62508,TE,James,James O'Shaughnessy,O'Shaughnessy,1.028571401,7,4500,JAC@CLE,JAC,CLE
21941-62510,TE,Nick,Nick Boyle,Boyle,3.099999905,8,4500,BAL@GB,BAL,GB
21941-25654,RB,Tommy,Tommy Bohanon,Bohanon,1.662500024,8,4500,JAC@CLE,JAC,CLE
21941-62519,WR,Tre,Tre McBride,McBride,4.333333333,3,4500,DET@CHI,CHI,DET
21941-14394,TE,Virgil,Virgil Green,Green,3.75,6,4500,CIN@DEN,DEN,CIN
21941-7244,RB,John,John Kuhn,Kuhn,0.200000003,1,4500,WAS@NO,NO,WAS
21941-30807,TE,Mychal,Mychal Rivera,Rivera,3.420000076,10,4500,JAC@CLE,JAC,CLE
21941-25694,RB,Andre,Andre Williams,Williams,8.699999809,1,4500,BUF@LAC,LAC,BUF
21941-79972,WR,Chad,Chad Williams,Williams,1.649999976,2,4500,ARI@HOU,ARI,HOU
21941-29805,TE,Ryan,Ryan Hewitt,Hewitt,2.099999905,1,4500,CIN@DEN,CIN,DEN
21941-79983,RB,De'Angelo,De'Angelo Henderson,Henderson,0.100000001,1,4500,CIN@DEN,DEN,CIN
21941-27771,WR,Cody,Cody Latimer,Latimer,2.683333397,6,4500,CIN@DEN,DEN,CIN
21941-79998,WR,Keelan,Keelan Cole,Cole,3.211111069,9,4500,JAC@CLE,JAC,CLE
21941-80011,TE,Antony,Antony Auclair,Auclair,0,0,4500,TB@MIA,TB,MIA
21941-24718,WR,Max,Max McCaffrey,McCaffrey,0.449999988,2,4500,BAL@GB,GB,BAL
21941-28815,RB,Akeem,Akeem Hunt,Hunt,0.112499997,8,4500,KC@NYG,KC,NYG
21941-62617,TE,Khari,Khari Lee,Lee,0,1,4500,BUF@LAC,BUF,LAC
21941-11419,RB,C.J.,C.J. Spiller,Spiller,0,1,4500,KC@NYG,KC,NYG
21941-46244,RB,Donnel,Donnel Pumphrey,Pumphrey,0,0,4500,PHI@DAL,PHI,DAL
21941-11431,TE,Jermaine,Jermaine Gresham,Gresham,5.712500095,8,4500,ARI@HOU,ARI,HOU
21941-62633,TE,Matt,Matt Lengel,Lengel,4.599999905,2,4500,JAC@CLE,CLE,JAC
21941-29866,RB,Paul,Paul Perkins,Perkins,3.275000095,4,4500,KC@NYG,NYG,KC
21941-25775,TE,Clive,Clive Walford,Walford,0.533333341,3,4500,NE@OAK,OAK,NE
21941-25783,RB,Mike,Mike James,James,2.033333302,3,4500,DET@CHI,DET,CHI
21941-52410,WR,Josh,Josh Malone,Malone,3.349999905,4,4500,CIN@DEN,CIN,DEN
21941-25789,WR,Rashawn,Rashawn Scott,Scott,0,0,4500,TB@MIA,MIA,TB
21941-9409,TE,Clark,Clark Harris,Harris,0,0,4500,CIN@DEN,CIN,DEN
21941-11457,WR,Arrelious,Arrelious Benn,Benn,0.850000024,2,4500,JAC@CLE,JAC,CLE
21941-41155,RB,Taquan,Taquan Mizzell,Mizzell,0,0,4500,DET@CHI,CHI,DET
21941-41163,WR,Keeon,Keeon Johnson,Johnson,0,0,4500,KC@NYG,NYG,KC
21941-28890,RB,Derek,Derek Watt,Watt,0.850000024,2,4500,BUF@LAC,LAC,BUF
21941-45278,WR,Bernard,Bernard Reedy,Reedy,0.533333355,9,4500,TB@MIA,TB,MIA
21941-25827,TE,Asante,Asante Cleveland,Cleveland,0,0,4500,BUF@LAC,LAC,BUF
21941-40170,WR,Stacy,Stacy Coley,Coley,0,1,4500,LAR@MIN,MIN,LAR
21941-28907,WR,Alex,Alex Erickson,Erickson,1.455555598,9,4500,CIN@DEN,CIN,DEN
21941-29932,K,Ka'imi,Ka'imi Fairbairn,Fairbairn,6.888888889,9,4500,ARI@HOU,HOU,ARI
21941-12526,D,Buffalo,Buffalo Bills,Bills,7.666666667,9,4500,BUF@LAC,BUF,LAC
21941-12528,D,Cincinnati,Cincinnati Bengals,Bengals,7.333333333,9,4500,CIN@DEN,CIN,DEN
21941-39153,TE,Ifeanyi,Ifeanyi Momah,Momah,5.099999905,1,4500,ARI@HOU,ARI,HOU
21941-12533,D,Green Bay,Green Bay Packers,Packers,6.666666667,9,4500,BAL@GB,GB,BAL
21941-33013,RB,Tion,Tion Green,Green,0,0,4500,DET@CHI,DET,CHI
21941-45307,WR,Rodney,Rodney Adams,Adams,0,0,4500,LAR@MIN,MIN,LAR
21941-12541,D,New England,New England Patriots,Patriots,6.555555556,9,4500,NE@OAK,NE,OAK
21941-12542,D,New Orleans,New Orleans Saints,Saints,11,9,4500,WAS@NO,NO,WAS
21941-62718,TE,Daniel,Daniel Brown,Brown,2.349999905,2,4500,DET@CHI,CHI,DET
21941-28933,WR,Jared,Jared Abbrederis,Abbrederis,2.950000048,2,4500,DET@CHI,DET,CHI
21941-24847,TE,Will,Will Tye,Tye,2.900000095,2,4500,NE@OAK,NE,OAK
21941-11543,TE,Clay,Clay Harbor,Harbor,1.700000048,2,4500,WAS@NO,NO,WAS
21941-33047,WR,Chris,Chris Moore,Moore,4.820000076,5,4500,BAL@GB,BAL,GB
21941-45335,TE,Michael,Michael Roberts,Roberts,1,2,4500,DET@CHI,DET,CHI
21941-55577,WR,Hunter,Hunter Sharp,Sharp,0,1,4500,CIN@DEN,DEN,CIN
21941-6427,K,Connor,Connor Barth,Barth,5.666666667,9,4500,DET@CHI,CHI,DET
21941-24862,WR,Rashad,Rashad Greene Sr.,Greene Sr.,0.462500006,8,4500,JAC@CLE,JAC,CLE
21941-29985,WR,Jaydon,Jaydon Mickens,Mickens,3.799999952,2,4500,JAC@CLE,JAC,CLE
21941-11556,TE,Michael,Michael Hoomanawanui,Hoomanawanui,2.739999962,5,4500,WAS@NO,NO,WAS
21941-46374,WR,Tanner,Tanner Gentry,Gentry,1.25,4,4500,DET@CHI,CHI,DET
21941-29991,RB,Bishop,Bishop Sankey,Sankey,0,0,4500,LAR@MIN,MIN,LAR
21941-30004,WR,Kasen,Kasen Williams,Williams,2.149999936,6,4500,JAC@CLE,CLE,JAC
21941-31036,WR,Kevin,Kevin Norwood,Norwood,0,0,4500,KC@NYG,NYG,KC
21941-29003,RB,Ka'Deem,Ka'Deem Carey,Carey,1.872727307,11,4500,DET@CHI,CHI,DET
21941-34125,WR,Geremy,Geremy Davis,Davis,0,3,4500,BUF@LAC,LAC,BUF
21941-52560,WR,Geronimo,Geronimo Allison,Allison,3.700000127,6,4500,BAL@GB,GB,BAL
21941-32082,WR,Jordan,Jordan Taylor,Taylor,2.199999968,3,4500,CIN@DEN,DEN,CIN
21941-55635,WR,Chris,Chris Godwin,Godwin,2.700000048,8,4500,TB@MIA,TB,MIA
21941-41305,WR,Zay,Zay Jones,Jones,3.849999905,8,4500,BUF@LAC,BUF,LAC
21941-14683,RB,Patrick,Patrick DiMarco,DiMarco,0.880000019,5,4500,BUF@LAC,BUF,LAC
21941-54621,WR,Walter,Walter Powell,Powell,3.028571538,7,4500,BUF@LAC,BUF,LAC
21941-54623,WR,Jeff,Jeff Janis,Janis,0,2,4500,BAL@GB,GB,BAL
21941-22898,RB,Brandon,Brandon Bolden,Bolden,0.100000001,1,4500,NE@OAK,NE,OAK
21941-43397,WR,Carlos,Carlos Henderson,Henderson,0,0,4500,CIN@DEN,DEN,CIN
21941-53639,WR,Isaiah,Isaiah McKenzie,McKenzie,-0.150000006,8,4500,CIN@DEN,DEN,CIN
21941-22920,TE,Derek,Derek Carrier,Carrier,1.260000038,5,4500,LAR@MIN,LAR,MIN
21941-39305,TE,A.J.,A.J. Derby,Derby,4.655555725,9,4500,CIN@DEN,DEN,CIN
21941-53645,RB,Elijah,Elijah Hood,Hood,0,0,4500,NE@OAK,OAK,NE
21941-55694,WR,Michael,Michael Thomas,Thomas,0.457142864,7,4500,LAR@MIN,LAR,MIN
21941-54674,WR,Jeremy,Jeremy Butler,Butler,1.049999952,2,4500,BUF@LAC,BUF,LAC
21941-41370,WR,Trevor,Trevor Davis,Davis,0.412499994,8,4500,BAL@GB,GB,BAL
21941-28065,WR,Jehu,Jehu Chesson,Chesson,0.5,3,4500,KC@NYG,KC,NYG
21941-54690,WR,Freddie,Freddie Martino,Martino,0,1,4500,TB@MIA,TB,MIA
21941-14761,WR,Andre,Andre Holmes,Holmes,4.412499905,8,4500,BUF@LAC,BUF,LAC
21941-22958,RB,Bobby,Bobby Rainey,Rainey,2.625,4,4500,BAL@GB,BAL,GB
21941-40371,TE,Johnny,Johnny Mundt,Mundt,0,0,4500,LAR@MIN,LAR,MIN
21941-32185,RB,Zach,Zach Line,Line,0.324999988,4,4500,WAS@NO,NO,WAS
21941-26045,WR,Leonte,Leonte Carroo,Carroo,2.599999905,4,4500,TB@MIA,MIA,TB
21941-21952,WR,Michael,Michael Floyd,Floyd,1.533333302,3,4500,LAR@MIN,MIN,LAR
21941-31169,TE,Jeremy,Jeremy Sprinkle,Sprinkle,0,1,4500,WAS@NO,WAS,NO
21941-26057,RB,Michael,Michael Burton,Burton,0.666666667,3,4500,DET@CHI,CHI,DET
21941-39369,K,Zane,Zane Gonzalez,Gonzalez,4.777777778,9,4500,JAC@CLE,CLE,JAC
21941-28106,RB,Joe,Joe Kerridge,Kerridge,0,1,4500,BAL@GB,GB,BAL
21941-39373,WR,Jaelen,Jaelen Strong,Strong,3.350000064,6,4500,JAC@CLE,JAC,CLE
21941-21972,WR,Brian,Brian Quick,Quick,4,2,4500,WAS@NO,WAS,NO
21941-54741,WR,Seth,Seth Roberts,Roberts,4.0625,8,4500,NE@OAK,OAK,NE
21941-31207,TE,C.J.,C.J. Uzomah,Uzomah,1.350000024,4,4500,CIN@DEN,CIN,DEN
21941-32234,RB,Malcolm,Malcolm Brown,Brown,3.842857088,7,4500,LAR@MIN,LAR,MIN
21941-32235,WR,Marcus,Marcus Johnson,Johnson,0.64000001,5,4500,PHI@DAL,PHI,DAL
21941-27117,TE,Sean,Sean Culkin,Culkin,0,0,4500,BUF@LAC,LAC,BUF
21941-60910,WR,Dede,Dede Westbrook,Westbrook,0,0,4500,JAC@CLE,JAC,CLE
21941-21999,WR,Rueben,Rueben Randle,Randle,0,0,4500,DET@CHI,CHI,DET
21941-28144,TE,Dion,Dion Sims,Sims,3.633333206,6,4500,DET@CHI,CHI,DET
21941-22004,TE,Dwayne,Dwayne Allen,Allen,1.519999981,5,4500,NE@OAK,NE,OAK
21941-11766,TE,Jeff,Jeff Cumberland,Cumberland,0,0,4500,BUF@LAC,LAC,BUF
21941-28157,WR,Bennie,Bennie Fowler,Fowler,4.888888889,9,4500,CIN@DEN,DEN,CIN
21941-29183,RB,D.J.,D.J. Foster,Foster,1.033333302,3,4500,ARI@HOU,ARI,HOU
21941-41475,WR,John,John Ross,Ross,-0.266666671,3,4500,CIN@DEN,CIN,DEN
21941-23046,RB,Jamize,Jamize Olawale,Olawale,2.525000095,4,4500,NE@OAK,OAK,NE
21941-31241,WR,Sammie,Sammie Coates,Coates,2.174999952,4,4500,JAC@CLE,CLE,JAC
21941-80400,RB,Lenard,Lenard Tillery,Tillery,0,0,4500,LAR@MIN,LAR,MIN
21941-40477,TE,Keith,Keith Towbridge,Towbridge,0,0,4500,BUF@LAC,BUF,LAC
21941-31269,RB,Corey,Corey Grant,Grant,4.214285714,7,4500,JAC@CLE,JAC,CLE
21941-7718,RB,Cedric,Cedric Peerman,Peerman,1.5,1,4500,CIN@DEN,CIN,DEN
21941-33320,RB,Senorise,Senorise Perry,Perry,0,0,4500,TB@MIA,MIA,TB
21941-38441,RB,Justin,Justin Davis,Davis,0.100000001,1,4500,LAR@MIN,LAR,MIN
21941-31280,K,Cody,Cody Parkey,Parkey,5.857142857,7,4500,TB@MIA,MIA,TB
21941-22065,TE,Rhett,Rhett Ellison,Ellison,2.850000064,6,4500,KC@NYG,NYG,KC
21941-62002,RB,Devante,Devante Mays,Mays,0,0,4500,BAL@GB,GB,BAL
21941-39492,TE,Josh,Josh Hill,Hill,1.975000024,4,4500,WAS@NO,NO,WAS
21941-12872,RB,James,James Develin,Develin,1.219999981,5,4500,NE@OAK,NE,OAK
21941-32331,RB,Tra,Tra Carson,Carson,0,0,4500,CIN@DEN,CIN,DEN
21941-43599,TE,Andrew,Andrew Price,Price,0,0,4500,DET@CHI,DET,CHI
21941-22100,K,Randy,Randy Bullock,Bullock,6,7,4500,CIN@DEN,CIN,DEN
21941-6742,TE,Brent,Brent Celek,Celek,1.783333302,6,4500,PHI@DAL,PHI,DAL
21941-30297,TE,Trey,Trey Burton,Burton,4.08571434,7,4500,PHI@DAL,PHI,DAL
21941-31321,RB,Jay,Jay Prosch,Prosch,1.450000048,2,4500,ARI@HOU,HOU,ARI
21941-29277,TE,Stephen,Stephen Anderson,Anderson,3.762500048,8,4500,ARI@HOU,HOU,ARI
21941-29290,WR,Bryce,Bryce Treggs,Treggs,1.8,5,4500,JAC@CLE,CLE,JAC
21941-22123,TE,James,James Hanna,Hanna,3.100000064,3,4500,PHI@DAL,DAL,PHI
21941-30326,RB,Keith,Keith Marshall,Marshall,0,0,4500,WAS@NO,WAS,NO
21941-29304,RB,Daniel,Daniel Lasco II,Lasco II,1.76666673,3,4500,WAS@NO,NO,WAS
21941-6778,TE,Anthony,Anthony Fasano,Fasano,3.5,4,4500,TB@MIA,MIA,TB
21941-38523,TE,Geoff,Geoff Swaim,Swaim,1.75,2,4500,PHI@DAL,DAL,PHI
21941-27273,RB,Andy,Andy Janovich,Janovich,0.64000001,5,4500,CIN@DEN,DEN,CIN
21941-33418,TE,Alan,Alan Cross,Cross,1.049999952,2,4500,TB@MIA,TB,MIA
21941-28311,TE,MarQueis,MarQueis Gray,Gray,0.150000006,2,4500,TB@MIA,MIA,TB
21941-45723,TE,Crockett,Crockett Gillmore,Gillmore,3.420000076,5,4500,BAL@GB,BAL,GB
21941-80546,WR,Dan,Dan Arnold,Arnold,0,0,4500,WAS@NO,NO,WAS
21941-29357,RB,Kenjon,Kenjon Barner,Barner,1.150000016,6,4500,PHI@DAL,PHI,DAL
21941-31406,RB,Alfred,Alfred Blue,Blue,1.433333397,3,4500,ARI@HOU,HOU,ARI
21941-7856,WR,Matthew,Matthew Slater,Slater,-0.375,4,4500,NE@OAK,NE,OAK
21941-25267,WR,Mack,Mack Hollins,Hollins,5.540000153,5,4500,PHI@DAL,PHI,DAL
21941-22198,WR,Brittan,Brittan Golden,Golden,3.166666667,3,4500,ARI@HOU,ARI,HOU
21941-28346,TE,Maxx,Maxx Williams,Williams,2.200000048,4,4500,BAL@GB,BAL,GB
21941-70335,TE,Seth,Seth DeValve,DeValve,4.544444614,9,4500,JAC@CLE,CLE,JAC
21941-52931,RB,Elijhaa,Elijhaa Penny,Penny,0.600000024,2,4500,ARI@HOU,ARI,HOU
21941-70342,TE,Temarrick,Temarrick Hemingway,Hemingway,0,0,4500,LAR@MIN,LAR,MIN
21941-22220,TE,Sean,Sean McGrath,McGrath,1.5,1,4500,BUF@LAC,LAC,BUF
21941-30412,WR,Tavarres,Tavarres King,King,4.025000095,4,4500,KC@NYG,NYG,KC
21941-16078,TE,Ross,Ross Travis,Travis,0.866666635,6,4500,KC@NYG,KC,NYG
21941-33488,TE,Troy,Troy Niklas,Niklas,2.099999973,7,4500,ARI@HOU,ARI,HOU
21941-40665,RB,Matthew,Matthew Dayes,Dayes,0.960000038,5,4500,JAC@CLE,CLE,JAC
21941-30428,WR,Malcolm,Malcolm Mitchell,Mitchell,6.674999873,12,4500,NE@OAK,NE,OAK
21941-40669,WR,Tyler,Tyler Boyd,Boyd,1.825000048,4,4500,CIN@DEN,CIN,DEN
21941-38624,RB,T.J.,T.J. Logan,Logan,0,0,4500,ARI@HOU,ARI,HOU
21941-38634,WR,Ryan,Ryan Switzer,Switzer,0.08888889,9,4500,PHI@DAL,DAL,PHI
21941-44784,RB,Darius,Darius Jackson,Jackson,0,0,4500,JAC@CLE,CLE,JAC
21941-6897,K,Mason,Mason Crosby,Crosby,6.555555556,9,4500,BAL@GB,GB,BAL
21941-22258,RB,Travaris,Travaris Cadet,Cadet,4.400000095,1,4500,BUF@LAC,BUF,LAC
21941-26355,TE,Logan,Logan Thomas,Thomas,3.549999952,4,4500,BUF@LAC,BUF,LAC
21941-54007,TE,Jacob,Jacob Hollister,Hollister,1.039999962,5,4500,NE@OAK,NE,OAK
21941-33531,TE,Ben,Ben Koyack,Koyack,0.949999988,4,4500,JAC@CLE,JAC,CLE
21941-45821,WR,Isaiah,Isaiah Burse,Burse,0,8,4500,BUF@LAC,LAC,BUF
21941-47870,TE,Tyler,Tyler Higbee,Higbee,3.933333503,9,4500,LAR@MIN,LAR,MIN
21941-26384,RB,Trey,Trey Edmunds,Edmunds,3.600000064,3,4500,WAS@NO,NO,WAS
21941-15121,WR,Chris,Chris Matthews,Matthews,1.333333333,3,4500,BAL@GB,BAL,GB
21941-27411,RB,Aaron,Aaron Ripkowski,Ripkowski,1.050000032,6,4500,BAL@GB,GB,BAL
21941-22292,RB,Lance,Lance Dunbar,Dunbar,3.099999905,1,4500,LAR@MIN,LAR,MIN
21941-28437,RB,Danny,Danny Vitale,Vitale,0.933333317,3,4500,JAC@CLE,CLE,JAC
21941-70422,WR,Kalif,Kalif Raymond,Raymond,-1,2,4500,KC@NYG,NYG,KC
21941-22308,RB,Joe,Joe Banyard,Banyard,0.699999988,1,4500,BUF@LAC,BUF,LAC
21941-31524,WR,Cody,Cody Core,Core,0,2,4500,CIN@DEN,CIN,DEN
21941-29477,TE,Connor,Connor Hamlett,Hamlett,8.199999809,1,4500,PHI@DAL,DAL,PHI
21941-32556,WR,Deante',Deante' Gray,Gray,0,0,4500,ARI@HOU,HOU,ARI
21941-28463,WR,Austin,Austin Carr,Carr,0,0,4500,WAS@NO,NO,WAS
21941-43826,WR,Tommylee,Tommylee Lewis,Lewis,1.814285687,7,4500,WAS@NO,NO,WAS
21941-41780,WR,Chris,Chris Thompson,Thompson,0.600000024,4,4500,ARI@HOU,HOU,ARI
21941-70454,WR,Jace,Jace Billingsley,Billingsley,0,0,4500,DET@CHI,DET,CHI
21941-12090,K,Nick,Nick Novak,Novak,5,5,4500,BUF@LAC,LAC,BUF
21941-29500,WR,Markus,Markus Wheaton,Wheaton,0.466666659,3,4500,DET@CHI,CHI,DET
21941-22336,WR,Josh,Josh Bellamy,Bellamy,7.275000095,4,4500,DET@CHI,CHI,DET
21941-38722,TE,Cethan,Cethan Carter,Carter,0,1,4500,CIN@DEN,CIN,DEN
21941-70467,WR,Andy,Andy Jones,Jones,0,0,4500,DET@CHI,DET,CHI
21941-70468,WR,Ed,Ed Eagan,Eagan,0,4,4500,KC@NYG,NYG,KC
21941-28487,TE,Jeff,Jeff Heuerman,Heuerman,2.73333327,6,4500,CIN@DEN,DEN,CIN
21941-70489,TE,Ben,Ben Braunecker,Braunecker,2.033333302,3,4500,DET@CHI,CHI,DET
21941-38753,TE,Jake,Jake Butt,Butt,0,0,4500,CIN@DEN,DEN,CIN
21941-70496,K,Aldrick,Aldrick Rosas,Rosas,5.777777778,9,4500,KC@NYG,NYG,KC
21941-70501,RB,C.J.,C.J. Ham,Ham,2.279999924,5,4500,LAR@MIN,MIN,LAR
21941-53097,WR,Josh,Josh Reynolds,Reynolds,1.649999976,2,4500,LAR@MIN,LAR,MIN
21941-28525,WR,Braxton,Braxton Miller,Miller,2.120000076,5,4500,ARI@HOU,HOU,ARI
21941-27527,TE,Blake,Blake Jarwin,Jarwin,0,0,4500,PHI@DAL,DAL,PHI
21941-23435,TE,Andrew,Andrew DePaola,DePaola,0,0,4500,DET@CHI,CHI,DET
21941-19342,TE,Demetrius,Demetrius Harris,Harris,2.099999973,7,4500,KC@NYG,KC,NYG
21941-29583,TE,Randall,Randall Telfer,Telfer,1.700000048,2,4500,JAC@CLE,CLE,JAC
21941-40857,RB,Peyton,Peyton Barber,Barber,2.775000095,4,4500,TB@MIA,TB,MIA
21941-14240,TE,Lance,Lance Kendricks,Kendricks,4,6,4500,BAL@GB,GB,BAL
21941-52130,K,Patrick,Patrick Murray,Murray,6.4,5,4500,TB@MIA,TB,MIA
21941-34729,RB,Dwayne,Dwayne Washington,Washington,1.360000038,5,4500,DET@CHI,DET,CHI
21941-22447,WR,Griff,Griff Whalen,Whalen,2.150000095,2,4500,BAL@GB,BAL,GB
21941-56248,WR,Noah,Noah Brown,Brown,1.799999952,1,4500,PHI@DAL,DAL,PHI
21941-43961,RB,Tyler,Tyler Ervin,Ervin,2.25,4,4500,ARI@HOU,HOU,ARI
21941-30654,TE,Jerell,Jerell Adams,Adams,2.333333333,3,4500,KC@NYG,NYG,KC
21941-32703,WR,Jakeem,Jakeem Grant,Grant,0.375,8,4500,TB@MIA,MIA,TB
21941-41922,WR,Johnny,Johnny Holton,Holton,11.89999962,2,4500,NE@OAK,OAK,NE
21941-43970,RB,Shane,Shane Smith,Smith,0,0,4500,KC@NYG,NYG,KC
21941-43973,RB,Keith,Keith Smith,Smith,1.299999952,2,4500,PHI@DAL,DAL,PHI
21941-57299,TE,Gerald,Gerald Everett,Everett,4.442857197,7,4500,LAR@MIN,LAR,MIN
21941-25561,WR,Michael,Michael Campanaro,Campanaro,3.485714231,7,4500,BAL@GB,BAL,GB
21941-14304,TE,Luke,Luke Stocker,Stocker,4.650000095,2,4500,TB@MIA,TB,MIA
21941-40932,WR,Pharoh,Pharoh Cooper,Cooper,1.299999979,9,4500,LAR@MIN,LAR,MIN
21941-41964,TE,Vince,Vince Mayle,Mayle,2.066666603,3,4500,BAL@GB,BAL,GB
21941-14319,RB,Taiwan,Taiwan Jones,Jones,0.800000012,2,4500,BUF@LAC,BUF,LAC
21941-14327,RB,Anthony,Anthony Sherman,Sherman,0.533333341,3,4500,KC@NYG,KC,NYG
21941-12527,D,Chicago,Chicago Bears,Bears,8.888888889,9,4400,DET@CHI,CHI,DET
21941-12539,D,Miami,Miami Dolphins,Dolphins,5.75,8,4400,TB@MIA,MIA,TB
21941-12530,D,Dallas,Dallas Cowboys,Cowboys,7.222222222,9,4300,PHI@DAL,DAL,PHI
21941-12548,D,Los Angeles,Los Angeles Chargers,Chargers,8.222222222,9,4300,BUF@LAC,LAC,BUF
21941-12537,D,Oakland,Oakland Raiders,Raiders,3,9,4100,NE@OAK,OAK,NE
21941-12543,D,New York,New York Giants,Giants,4.666666667,9,4100,KC@NYG,NYG,KC
21941-12529,D,Cleveland,Cleveland Browns,Browns,5.555555556,9,4000,JAC@CLE,CLE,JAC
21941-12552,D,Washington,Washington Redskins,Redskins,6.666666667,9,4000,WAS@NO,WAS,NO